Ảnh,Đọc biển số
10.jpg,
1070.jpg,51G51936
1071.jpg,51G51936
11.jpg,0220N82200
12.jpg,10801A48
128.jpg,51G21670
129.jpg,51G21670
1357.jpg,51G49160
14.jpg,0027042201
150.jpg,51F59881
151.jpg,51F598821
1728.jpg,51F31118
1729.jpg,51F31118
186.jpg,51A0120N4
187.jpg,51A0N120N4
1961.jpg,
20.jpg,10801A48
2062.jpg,51G25181
21.jpg,00408220N11
218.jpg,51F06948
2231.jpg,48A052077
2232.jpg,51G01177
2233.jpg,51G01177
2270.jpg,51G37307
2271.jpg,51G37307
2272.jpg,51G505531
2273.jpg,51G50553
2300.jpg,51G473740
25.jpg,143V1A53
26.jpg,BB1GB22G3
300.jpg,86A068474
301.jpg,86A068442
316.jpg,51F88270
317.jpg,51F88270
318.jpg,51F88270
319.jpg,51F88270
320.jpg,51F88270
321.jpg,51F88270
448.jpg,51F16159
449.jpg,51F16159
462.jpg,51G47281
463.jpg,51G47281
508.jpg,51A89714
509.jpg,51A8972021A
541.jpg,BANN1A
542.jpg,520B21666
565.jpg,51A9206141N
566.jpg,51A2096141
567.jpg,51A9206141
604.jpg,51F446714
605.jpg,51F446204
647.jpg,51F244D3N
652.jpg,51F79512
653.jpg,51F79512
744.jpg,51F15585F
745.jpg,51F15585
775.jpg,51F222620
782.jpg,F301939937
783.jpg,3019399319
812.jpg,60A35981
813.jpg,60A35981
820.jpg,29A51796
83.jpg,51A05227
905.jpg,51F04275
